<?xml version="1.0" encoding="UTF-8"?>
<project-private xmlns="http://www.netbeans.org/ns/project-private/1">
    <editor-bookmarks xmlns="http://www.netbeans.org/ns/editor-bookmarks/2" lastBookmarkId="0"/>
    <open-files xmlns="http://www.netbeans.org/ns/projectui-open-files/2">
        <group>
            <file>file:/K:/Login/src/Login/Consulta.java</file>
            <file>file:/K:/Login/src/Login/login.java</file>
            <file>file:/K:/Login/src/Login/Principal.java</file>
            <file>file:/K:/Login/src/Metodos/ConexionMySQL.java</file>
            <file>file:/K:/Login/src/Login/Ventana2.java</file>
        </group>
    </open-files>
</project-private>
